<Anims>
 <anim name="BUILD" root="swap_hneedle3" numframes="1000" framerate="40">
  <frame idx="0" w="108" h="169" x="2.000000" y="-53.000000">
   <element name="swap_hneedle3" layername="swap_hneedle3" frame="0" z_index="1" m_a="1.000000" m_b="0.000000" m_c="0.000000" m_d="1.000000" m_tx="1.009901" m_ty="-2.504950"/>
  </frame>
  <frame idx="25" w="108" h="169" x="2.000000" y="-53.000000">
   <element name="swap_hneedle3" layername="swap_hneedle3" frame="0" z_index="1" m_a="1.000000" m_b="0.000000" m_c="0.000000" m_d="1.000000" m_tx="1.009901" m_ty="-2.504950"/>
  </frame>
  <frame idx="50" w="108" h="169" x="2.000000" y="-53.000000">
   <element name="swap_hneedle3" layername="swap_hneedle3" frame="0" z_index="1" m_a="1.000000" m_b="0.000000" m_c="0.000000" m_d="1.000000" m_tx="1.009901" m_ty="-2.504950"/>
  </frame>
  <frame idx="75" w="108" h="169" x="2.000000" y="-53.000000">
   <element name="swap_hneedle3" layername="swap_hneedle3" frame="0" z_index="1" m_a="1.000000" m_b="0.000000" m_c="0.000000" m_d="1.000000" m_tx="1.009901" m_ty="-2.504950"/>
  </frame>
  <frame idx="100" w="108" h="169" x="2.000000" y="-53.000000">
   <element name="swap_hneedle3" layername="swap_hneedle3" frame="0" z_index="1" m_a="1.000000" m_b="0.000000" m_c="0.000000" m_d="1.000000" m_tx="1.009901" m_ty="-2.504950"/>
  </frame>
  <frame idx="125" w="108" h="169" x="2.000000" y="-53.000000">
   <element name="swap_hneedle3" layername="swap_hneedle3" frame="0" z_index="1" m_a="1.000000" m_b="0.000000" m_c="0.000000" m_d="1.000000" m_tx="1.009901" m_ty="-2.504950"/>
  </frame>
  <frame idx="150" w="108" h="169" x="2.000000" y="-53.000000">
   <element name="swap_hneedle3" layername="swap_hneedle3" frame="0" z_index="1" m_a="1.000000" m_b="0.000000" m_c="0.000000" m_d="1.000000" m_tx="1.009901" m_ty="-2.504950"/>
  </frame>
  <frame idx="175" w="108" h="169" x="2.000000" y="-53.000000">
   <element name="swap_hneedle3" layername="swap_hneedle3" frame="0" z_index="1" m_a="1.000000" m_b="0.000000" m_c="0.000000" m_d="1.000000" m_tx="1.009901" m_ty="-2.504950"/>
  </frame>
  <frame idx="200" w="108" h="169" x="2.000000" y="-53.000000">
   <element name="swap_hneedle3" layername="swap_hneedle3" frame="0" z_index="1" m_a="1.000000" m_b="0.000000" m_c="0.000000" m_d="1.000000" m_tx="1.009901" m_ty="-2.504950"/>
  </frame>
  <frame idx="225" w="108" h="169" x="2.000000" y="-53.000000">
   <element name="swap_hneedle3" layername="swap_hneedle3" frame="0" z_index="1" m_a="1.000000" m_b="0.000000" m_c="0.000000" m_d="1.000000" m_tx="1.009901" m_ty="-2.504950"/>
  </frame>
  <frame idx="250" w="108" h="169" x="2.000000" y="-53.000000">
   <element name="swap_hneedle3" layername="swap_hneedle3" frame="0" z_index="1" m_a="1.000000" m_b="0.000000" m_c="0.000000" m_d="1.000000" m_tx="1.009901" m_ty="-2.504950"/>
  </frame>
  <frame idx="275" w="108" h="169" x="2.000000" y="-53.000000">
   <element name="swap_hneedle3" layername="swap_hneedle3" frame="0" z_index="1" m_a="1.000000" m_b="0.000000" m_c="0.000000" m_d="1.000000" m_tx="1.009901" m_ty="-2.504950"/>
  </frame>
  <frame idx="300" w="108" h="169" x="2.000000" y="-53.000000">
   <element name="swap_hneedle3" layername="swap_hneedle3" frame="0" z_index="1" m_a="1.000000" m_b="0.000000" m_c="0.000000" m_d="1.000000" m_tx="1.009901" m_ty="-2.504950"/>
  </frame>
  <frame idx="325" w="108" h="169" x="2.000000" y="-53.000000">
   <element name="swap_hneedle3" layername="swap_hneedle3" frame="0" z_index="1" m_a="1.000000" m_b="0.000000" m_c="0.000000" m_d="1.000000" m_tx="1.009901" m_ty="-2.504950"/>
  </frame>
  <frame idx="350" w="108" h="169" x="2.000000" y="-53.000000">
   <element name="swap_hneedle3" layername="swap_hneedle3" frame="0" z_index="1" m_a="1.000000" m_b="0.000000" m_c="0.000000" m_d="1.000000" m_tx="1.009901" m_ty="-2.504950"/>
  </frame>
  <frame idx="375" w="108" h="169" x="2.000000" y="-53.000000">
   <element name="swap_hneedle3" layername="swap_hneedle3" frame="0" z_index="1" m_a="1.000000" m_b="0.000000" m_c="0.000000" m_d="1.000000" m_tx="1.009901" m_ty="-2.504950"/>
  </frame>
  <frame idx="400" w="108" h="169" x="2.000000" y="-53.000000">
   <element name="swap_hneedle3" layername="swap_hneedle3" frame="0" z_index="1" m_a="1.000000" m_b="0.000000" m_c="0.000000" m_d="1.000000" m_tx="1.009901" m_ty="-2.504950"/>
  </frame>
  <frame idx="425" w="108" h="169" x="2.000000" y="-53.000000">
   <element name="swap_hneedle3" layername="swap_hneedle3" frame="0" z_index="1" m_a="1.000000" m_b="0.000000" m_c="0.000000" m_d="1.000000" m_tx="1.009901" m_ty="-2.504950"/>
  </frame>
  <frame idx="450" w="108" h="169" x="2.000000" y="-53.000000">
   <element name="swap_hneedle3" layername="swap_hneedle3" frame="0" z_index="1" m_a="1.000000" m_b="0.000000" m_c="0.000000" m_d="1.000000" m_tx="1.009901" m_ty="-2.504950"/>
  </frame>
  <frame idx="475" w="108" h="169" x="2.000000" y="-53.000000">
   <element name="swap_hneedle3" layername="swap_hneedle3" frame="0" z_index="1" m_a="1.000000" m_b="0.000000" m_c="0.000000" m_d="1.000000" m_tx="1.009901" m_ty="-2.504950"/>
  </frame>
  <frame idx="500" w="108" h="169" x="2.000000" y="-53.000000">
   <element name="swap_hneedle3" layername="swap_hneedle3" frame="0" z_index="1" m_a="1.000000" m_b="0.000000" m_c="0.000000" m_d="1.000000" m_tx="1.009901" m_ty="-2.504950"/>
  </frame>
  <frame idx="525" w="108" h="169" x="2.000000" y="-53.000000">
   <element name="swap_hneedle3" layername="swap_hneedle3" frame="0" z_index="1" m_a="1.000000" m_b="0.000000" m_c="0.000000" m_d="1.000000" m_tx="1.009901" m_ty="-2.504950"/>
  </frame>
  <frame idx="550" w="108" h="169" x="2.000000" y="-53.000000">
   <element name="swap_hneedle3" layername="swap_hneedle3" frame="0" z_index="1" m_a="1.000000" m_b="0.000000" m_c="0.000000" m_d="1.000000" m_tx="1.009901" m_ty="-2.504950"/>
  </frame>
  <frame idx="575" w="108" h="169" x="2.000000" y="-53.000000">
   <element name="swap_hneedle3" layername="swap_hneedle3" frame="0" z_index="1" m_a="1.000000" m_b="0.000000" m_c="0.000000" m_d="1.000000" m_tx="1.009901" m_ty="-2.504950"/>
  </frame>
  <frame idx="600" w="108" h="169" x="2.000000" y="-53.000000">
   <element name="swap_hneedle3" layername="swap_hneedle3" frame="0" z_index="1" m_a="1.000000" m_b="0.000000" m_c="0.000000" m_d="1.000000" m_tx="1.009901" m_ty="-2.504950"/>
  </frame>
  <frame idx="625" w="108" h="169" x="2.000000" y="-53.000000">
   <element name="swap_hneedle3" layername="swap_hneedle3" frame="0" z_index="1" m_a="1.000000" m_b="0.000000" m_c="0.000000" m_d="1.000000" m_tx="1.009901" m_ty="-2.504950"/>
  </frame>
  <frame idx="650" w="108" h="169" x="2.000000" y="-53.000000">
   <element name="swap_hneedle3" layername="swap_hneedle3" frame="0" z_index="1" m_a="1.000000" m_b="0.000000" m_c="0.000000" m_d="1.000000" m_tx="1.009901" m_ty="-2.504950"/>
  </frame>
  <frame idx="675" w="108" h="169" x="2.000000" y="-53.000000">
   <element name="swap_hneedle3" layername="swap_hneedle3" frame="0" z_index="1" m_a="1.000000" m_b="0.000000" m_c="0.000000" m_d="1.000000" m_tx="1.009901" m_ty="-2.504950"/>
  </frame>
  <frame idx="700" w="108" h="169" x="2.000000" y="-53.000000">
   <element name="swap_hneedle3" layername="swap_hneedle3" frame="0" z_index="1" m_a="1.000000" m_b="0.000000" m_c="0.000000" m_d="1.000000" m_tx="1.009901" m_ty="-2.504950"/>
  </frame>
  <frame idx="725" w="108" h="169" x="2.000000" y="-53.000000">
   <element name="swap_hneedle3" layername="swap_hneedle3" frame="0" z_index="1" m_a="1.000000" m_b="0.000000" m_c="0.000000" m_d="1.000000" m_tx="1.009901" m_ty="-2.504950"/>
  </frame>
  <frame idx="750" w="108" h="169" x="2.000000" y="-53.000000">
   <element name="swap_hneedle3" layername="swap_hneedle3" frame="0" z_index="1" m_a="1.000000" m_b="0.000000" m_c="0.000000" m_d="1.000000" m_tx="1.009901" m_ty="-2.504950"/>
  </frame>
  <frame idx="775" w="108" h="169" x="2.000000" y="-53.000000">
   <element name="swap_hneedle3" layername="swap_hneedle3" frame="0" z_index="1" m_a="1.000000" m_b="0.000000" m_c="0.000000" m_d="1.000000" m_tx="1.009901" m_ty="-2.504950"/>
  </frame>
  <frame idx="800" w="108" h="169" x="2.000000" y="-53.000000">
   <element name="swap_hneedle3" layername="swap_hneedle3" frame="0" z_index="1" m_a="1.000000" m_b="0.000000" m_c="0.000000" m_d="1.000000" m_tx="1.009901" m_ty="-2.504950"/>
  </frame>
  <frame idx="825" w="108" h="169" x="2.000000" y="-53.000000">
   <element name="swap_hneedle3" layername="swap_hneedle3" frame="0" z_index="1" m_a="1.000000" m_b="0.000000" m_c="0.000000" m_d="1.000000" m_tx="1.009901" m_ty="-2.504950"/>
  </frame>
  <frame idx="850" w="108" h="169" x="2.000000" y="-53.000000">
   <element name="swap_hneedle3" layername="swap_hneedle3" frame="0" z_index="1" m_a="1.000000" m_b="0.000000" m_c="0.000000" m_d="1.000000" m_tx="1.009901" m_ty="-2.504950"/>
  </frame>
  <frame idx="875" w="108" h="169" x="2.000000" y="-53.000000">
   <element name="swap_hneedle3" layername="swap_hneedle3" frame="0" z_index="1" m_a="1.000000" m_b="0.000000" m_c="0.000000" m_d="1.000000" m_tx="1.009901" m_ty="-2.504950"/>
  </frame>
  <frame idx="900" w="108" h="169" x="2.000000" y="-53.000000">
   <element name="swap_hneedle3" layername="swap_hneedle3" frame="0" z_index="1" m_a="1.000000" m_b="0.000000" m_c="0.000000" m_d="1.000000" m_tx="1.009901" m_ty="-2.504950"/>
  </frame>
  <frame idx="925" w="108" h="169" x="2.000000" y="-53.000000">
   <element name="swap_hneedle3" layername="swap_hneedle3" frame="0" z_index="1" m_a="1.000000" m_b="0.000000" m_c="0.000000" m_d="1.000000" m_tx="1.009901" m_ty="-2.504950"/>
  </frame>
  <frame idx="950" w="108" h="169" x="2.000000" y="-53.000000">
   <element name="swap_hneedle3" layername="swap_hneedle3" frame="0" z_index="1" m_a="1.000000" m_b="0.000000" m_c="0.000000" m_d="1.000000" m_tx="1.009901" m_ty="-2.504950"/>
  </frame>
  <frame idx="975" w="108" h="169" x="2.000000" y="-53.000000">
   <element name="swap_hneedle3" layername="swap_hneedle3" frame="0" z_index="1" m_a="1.000000" m_b="0.000000" m_c="0.000000" m_d="1.000000" m_tx="1.009901" m_ty="-2.504950"/>
  </frame>
 </anim>
</Anims>
